RegionID,SizeRank,RegionName,RegionType,StateName,2016-01-31,2016-02-29,2016-03-31,2016-04-30,2016-05-31,2016-06-30,2016-07-31,2016-08-31,2016-09-30,2016-10-31,2016-11-30,2016-12-31,2017-01-31,2017-02-28,2017-03-31,2017-04-30,2017-05-31,2017-06-30,2017-07-31,2017-08-31,2017-09-30,2017-10-31,2017-11-30,2017-12-31,2018-01-31,2018-02-28,2018-03-31,2018-04-30,2018-05-31,2018-06-30,2018-07-31,2018-08-31,2018-09-30,2018-10-31,2018-11-30,2018-12-31,2019-01-31,2019-02-28,2019-03-31,2019-04-30,2019-05-31,2019-06-30,2019-07-31,2019-08-31,2019-09-30,2019-10-31,2019-11-30,2019-12-31,2020-01-31,2020-02-29,2020-03-31,2020-04-30,2020-05-31,2020-06-30,2020-07-31,2020-08-31,2020-09-30,2020-10-31,2020-11-30,2020-12-31,2021-01-31,2021-02-28,2021-03-31,2021-04-30,2021-05-31,2021-06-30,2021-07-31,2021-08-31,2021-09-30,2021-10-31,2021-11-30,2021-12-31,2022-01-31,2022-02-28,2022-03-31,2022-04-30,2022-05-31,2022-06-30,2022-07-31,2022-08-31,2022-09-30,2022-10-31,2022-11-30,2022-12-31,2023-01-31,2023-02-28,2023-03-31,2023-04-30,2023-05-31
9,0,California,state,,436550.20921341300,442278.52628623500,448749.9953328880,453578.7825729460,456741.6607358450,459552.70245400900,460652.0045803100,460441.7612322390,458890.74025808500,458393.051967873,459286.8977823880,461859.6214425480,466904.14105959600,473576.25638964600,480782.69791335400,486701.3517259710,491092.81855289100,494914.68027656500,496813.5240337470,498455.0020075170,500160.10248204200,503761.2759733270,507725.6972002030,512376.1792919270,517597.83416192700,523272.3304135370,528362.3002554090,532518.026985974,536400.1786560510,539632.3645477410,542528.7037775360,545641.7590376740,549177.11625632,553063.953968156,555884.3041593270,557540.8216772220,557124.4162649090,555547.0915002210,553860.2014325200,553047.9318453900,552686.7488288130,552576.5503134330,553308.1996954740,555348.0440132430,558331.7492355590,561776.8480465810,565526.1862896460,569328.7141065060,572334.6167409120,574742.7164349850,577109.1306238300,579370.7119153960,579799.4607939650,578773.7777451110,579122.9566676260,583421.8276713850,592126.0635731050,603008.5751858000,615269.6003134410,627333.5131722290,637325.8824148890,645788.5058124760,653325.7159671510,662698.9597909500,673660.1257950770,685188.1131265950,695777.8027948330,703000.6401552330,707870.2756756790,712132.0482525030,718007.6965684890,725297.6503353260,735725.6706930320,749298.4223160860,765836.5379418700,780870.5772408410,792181.3762773970,798165.9009542320,798372.8660734620,793279.5868929320,785259.1559025590,778125.4560002920,772533.8306942160,766923.6601756870,759269.2979220250,752680.3211012500,749720.35767021,750900.5579628210,754948.7605671050
54,1,Texas,state,,170444.51450711200,171674.24579822900,172579.68754909900,173452.09298643700,174313.24278867900,175329.86399254400,176183.96943527800,177017.21860055000,177974.1236754620,179022.03575372400,180191.4639712200,181319.55153196800,182410.3542453380,183381.70383131800,184407.32355817000,185565.88319605200,186619.4402834630,187578.53283684100,188328.42093039900,189122.5099753240,189929.13447684200,190885.09777829600,191921.10335726700,193060.72827138900,194179.4703101480,195188.68108276300,196334.95449015800,197385.89112008300,198481.40454642000,199334.97578003200,200337.33385213800,201255.3522395680,202160.27838500300,202862.29819790800,203655.75980169300,204535.53693278800,205425.29474534200,206230.083612101,206953.16210807500,207565.03643258400,208104.7037309720,208613.46114982100,209152.0017637730,209804.78662725700,210510.09906406000,211425.9004567540,212490.193276766,213643.36028232000,214839.22633089600,216019.4136477560,217198.43141174500,218048.34066855400,218380.330222667,218586.63220493800,219288.7609476760,220742.59153746700,222905.34047990000,225323.48184496300,228082.53659876700,230770.22890239500,233643.4190727250,236736.17346144200,240234.53231311300,244080.77780034600,248468.10675283400,253159.82131400300,257615.0566629930,261163.79651407500,263884.3755656780,266568.51877724500,269897.56392321700,273674.7362383340,278549.0673648090,283923.5482847980,289980.5643741870,295896.58849094800,301374.84235575000,306167.2089908320,309066.78285757200,309964.15220519400,309262.88531690900,308286.51467817300,307269.40164939000,305695.45934527900,304346.3599311020,303498.37952782700,303757.3476702670,303876.99886081300,304261.349823917
14,2,Florida,state,,198431.67676253600,199924.28969364900,201271.61618168200,202682.89057012700,204119.35548868300,205666.40413146100,207051.14462487100,208464.43957460700,210055.77814177900,211784.01967417300,213364.06768980900,214702.32945877900,215924.24362808200,217308.34975902300,218906.97157676500,220607.566515866,222121.89397351400,223662.9086518220,225100.06769921600,226672.48112737300,228206.66641057800,229851.29152282900,231536.23343071900,233282.12731075400,234867.00713279500,236266.49081867300,237670.6897304900,239067.32276801300,240529.18046976300,241795.73182829200,243349.89843280200,244881.39600653300,246421.5095444910,247721.06272467400,249070.22357745800,250509.447894584,251788.3917647680,252956.55255718600,253774.1487964310,254407.07843183600,254778.83607995400,255277.02946293000,255900.76200004100,256726.15661225000,257550.1321108340,258626.93651743200,260074.65959583200,261841.29868487400,263948.8641565090,265976.98204909600,267807.2106290530,269005.7225601660,269456.1000152210,269767.3864044510,270564.06427984900,272440.1741116500,275356.79572480400,278749.0398807050,282659.6684161890,286533.5897808220,290659.6871411000,294863.99339957600,299301.1384564540,304073.98103359200,309578.6416206870,316124.25664807700,322722.71054805200,328607.5671152230,333422.1394221310,338172.9055979950,343511.2502866490,349292.6477311030,356660.79427248000,365286.8535711400,375330.6777170140,385359.50879759700,394587.7697589700,402528.9522409920,407905.08941263500,410496.1079616500,410584.73150015800,409851.2582924380,408868.7409094640,407144.6878065800,405299.9701767530,403861.6624522290,403845.66246005600,404258.5096061820,405273.6712907550
43,3,New York,state,,238422.47911553400,239261.58946983100,239708.70084341200,240285.32723962000,241012.5688317290,242109.95616627700,242949.12233161000,243565.67521675700,244074.36290878300,244802.8209677870,245902.74251839000,247395.3583944730,248833.75903090800,250101.4598152410,251124.05433411100,252498.56492007900,253888.05794871400,255230.19253280800,256381.83202211200,257625.17946628300,258918.3590449380,260301.039547713,261419.80482247300,262281.47719944300,262647.6797998570,262696.0114828330,263347.14455731900,264611.1108867620,266821.73689575500,269056.2152021840,271607.26531080200,273936.3673499280,275926.6067461930,277201.93544200900,278190.8485048510,279045.5152251780,280424.78933180200,282203.44284848700,284303.88279197000,286088.13773959500,287313.52519706800,288549.72500917100,289788.6762549190,291223.80080924200,292261.1807448360,293339.81216567500,294677.10282088700,296257.0822027470,298130.171409041,299945.1075620740,301780.610548754,303396.6300558780,304605.8682477810,305393.3291779370,306166.7038203990,307628.10728917300,310517.7767805090,314487.92306411800,319396.92341267800,324654.14567759100,329662.1942201350,334719.42657001600,339368.32981158500,343950.22264276900,348744.3345900740,353853.2549845860,358397.80694002600,361517.7258983970,363254.47564679400,364946.0239313710,367170.52223755100,369871.94519945,373479.13864655800,377747.43408709000,383088.5734016090,388751.87345002200,394355.74329236500,399837.6099307190,403845.77292843600,405785.9698770010,405528.9042784610,404709.4080196460,403922.91414263900,402660.4270765330,402600.85209302400,403581.5724638280,406386.71797977100,408839.8084796700,411284.658656053
47,4,Pennsylvania,state,,156296.48593849000,156834.51157728800,156902.85080061000,156906.92061644500,157114.00440204200,157624.80376342100,158045.237491562,158470.27551736300,159007.81770110500,159676.16666457800,160293.70802758500,160989.57722313000,161607.56455020600,162164.0039187600,162624.39288176700,163166.89654087800,163750.83603910100,164348.73468220500,164965.12777525800,165628.530401892,166352.89886823600,167204.52587189700,168181.64705428900,169150.4920500180,170035.0405443180,170820.0190599690,171892.20033354100,172916.4664595260,173756.4146585870,174235.1025766120,174708.59957212000,175231.86907350300,175722.9350101520,176034.35206043000,176374.48900234400,176804.4515105700,177524.7744555310,178562.82898169900,179635.2054718120,180505.2879751380,181086.6458417340,181730.7470486770,182469.97149008400,183267.36104897300,184005.27209935900,184907.59786816900,186022.92615732700,187229.82458558300,188396.00588698300,189655.48310887400,191025.3011822890,192549.09650359700,193523.76037223400,194068.911786478,194636.04088155400,195936.86140549500,198313.57170534200,201179.6839063340,204541.30491690900,207712.09284642100,210659.73557880700,213530.39410917900,216470.4859943780,219451.7448598850,222432.13406428600,225569.4648192270,227836.4933239800,228712.84474083500,227960.01462412900,227379.98846526900,227558.53453494500,228634.99410970600,231220.64471075500,234969.21123022500,239624.62338871400,243791.97563157000,246988.03555011900,249458.2322241850,250452.82348227300,250354.505271503,249503.1609614430,249317.82669384500,249630.02007152800,249923.7561375410,250473.05551318500,251142.00341283400,252439.35406024200,253514.89851439700,255066.8240030720
21,5,Illinois,state,,159584.51626414100,160501.20615744900,161134.23606274700,161700.78885680600,162262.9137724710,162944.20443622000,163314.1179884560,163617.3618405460,163888.4759730080,164495.3812099180,165191.33501091100,166139.5983926970,167120.88865416600,168229.22429389800,169427.92826680000,170422.21925683900,171164.4514629570,171462.13155315300,171671.64085429700,171915.32815721300,172566.80038043900,173455.17207706600,174550.10730010700,175649.76660769900,176831.77243190100,177875.85092921100,179059.57719084400,179916.46665572500,180616.28687726000,180690.78484424500,180863.16390196200,180861.13968403800,181061.76643410100,181130.53868042800,181419.37437595300,181918.95758907700,182821.93494797000,184092.5449303590,185322.86427545100,186280.9661503720,186738.04177876200,187001.82887460500,186989.61750497000,187024.20702432,186916.58856950800,187097.97977612800,187507.2168876750,188234.0848044460,189281.9223738550,190576.92523662700,191934.04415054600,193037.80106200500,193436.74208992600,193419.7760016910,193420.47797075400,194172.99526711300,196016.12071706700,198420.09001328300,201253.07864767100,203938.02530309800,206607.1540027920,209428.1474586350,212276.66706999000,215018.18047449400,217557.3543643280,220213.31704880100,222590.19903999200,224215.08874527600,224871.85471088400,225487.55555194600,226627.35102957000,228474.8963862490,231413.7016241850,235309.07231017300,239945.63451435300,244234.39036768200,247200.59852565200,249254.77916548300,249784.4256611410,249362.0430078530,248010.20083522500,247130.56971255900,246648.66503289200,246236.6331608530,246669.750485908,247689.84210472300,249316.38075970000,250471.43174550000,251917.3663559370
44,6,Ohio,state,,124525.7402826540,125382.57115313100,125936.06005998800,126286.14333006500,126535.8028801340,126963.04378671500,127249.05827780600,127541.00361856000,127893.23103192600,128437.46878626500,129019.75646366900,129642.44800685700,130228.78731477700,130752.0666302020,131280.8704208330,131884.90422676900,132505.22319861300,133128.03022621300,133766.31080740700,134443.90284900600,135059.72602902700,135707.8109517920,136458.05407557200,137235.59454980400,137905.5529801610,138475.19681051400,139268.90184212300,140092.31878512400,140953.3612644630,141543.65381990600,142215.88011981300,142863.60994294900,143632.67889628500,144256.26190392100,145009.3688862470,145762.99543923100,146676.01920866700,147727.9306757060,148824.6247709130,149687.9538484630,150248.6295165250,150779.11289942300,151353.26948712200,151896.93442161100,152353.24543697300,152956.66168051600,153811.1644344880,154738.41969568300,155801.34743273100,156937.7678071540,158205.87454556900,159347.07206264800,160110.54804638900,160688.60499200000,161502.85556592200,163004.9761498430,165282.6189297030,168027.60466409200,171016.1009424220,173806.91181007100,176305.93319689400,178696.44294988700,181151.18643002900,183730.9866635100,186397.3257595170,189115.56576504300,190961.54455317100,191484.59048599400,190870.79176707700,190483.52723833800,190822.5269791770,191671.52014511600,193935.65735776600,197314.66370538200,201473.94188938800,205286.91702107100,208345.61009152800,211097.57050330600,212651.67393338000,213266.29527053100,212962.56959567800,212775.20409299600,212762.80240511900,212828.01729126700,213240.86558519900,213905.48356786200,215120.331635939,216345.84179290800,218045.30892338100
16,7,Georgia,state,,154634.35584829100,155668.46333571300,156410.85085134800,157161.70484825600,157901.07203461200,158685.22826189100,159133.91086834200,159515.46472165900,160058.2589344530,160850.65576615700,161807.22415117500,162832.95857602000,163838.2191989840,164907.83519074800,165991.07140196900,167107.34019291300,168060.16874987000,168943.31494268600,169884.9893818530,170895.1427031790,171987.63466710800,173151.53502979300,174518.64412894100,176081.90887728500,177635.7323876280,179107.96327707600,180584.55723445500,181905.7565899790,183180.5174813140,184181.59189097100,185448.47557146800,186741.04797858500,188253.69514813800,189522.87963133200,190883.4761061920,192273.711482547,193737.94006633200,195074.43486380800,196264.35834665300,197285.40302545200,198149.28398355900,198924.8039804000,199714.18317104900,200623.74115739700,201467.03507085000,202500.63400203000,203740.61649332200,205247.16201788300,206917.1762812580,208617.14232907100,210263.2858682620,211574.97193650100,212258.96752100300,212722.47686901200,213542.91618173300,215298.38418747300,218055.47929972900,221441.27768051700,225250.66024736600,229062.82732882700,232936.8758975260,237006.60058516700,241270.9991511880,245693.21486936600,250434.347794458,255555.7809957230,260192.79602548600,263842.76274935800,266698.49233218700,270012.71241221100,274210.89665784400,279006.39574079200,285240.0686411520,292258.7423020230,299670.8960727710,306354.6339281070,312010.81881068700,316900.484975737,319821.9815423690,320989.4671954600,320611.01546164000,319918.0903088040,319007.4247027070,317712.4456219480,316882.56928182900,316542.0030019210,317304.5459542500,317932.93286931900,319128.10496603900
36,8,North Carolina,state,,164314.89965654400,165317.90662078200,165962.67192191400,166489.55005349300,166969.71563373100,167639.81504538300,168213.40012682600,168961.884797858,169877.10970938100,170988.9417853660,172078.6062818830,173122.83857367000,174001.18987708000,174743.42217286800,175415.17356345700,176290.54066113700,177168.73541268300,178101.73910358800,178979.5020789560,179938.01292266600,180894.48762104700,181930.18726932700,183115.78415443100,184365.63201639300,185598.09463634600,186744.9412590990,188001.38382656200,189110.1196614290,190153.2100267490,191010.10701287500,192023.8642301930,193050.61799013900,194124.78394759500,195034.995375563,196050.83191495300,197124.34404815300,198332.1471587620,199491.95627403500,200699.6192252830,201781.09581999000,202705.3557975860,203480.5672603000,204262.88546304300,205137.66613436300,205969.8168458100,207052.41182112900,208407.5688790940,209905.0274537680,211400.712084783,212926.30268326300,214630.38136672600,216180.78943805600,217190.45319828300,217923.77880543200,218993.09917510800,220975.7299890750,223939.07079796900,227446.04995274000,231235.3106702520,235015.9741665830,238711.71176711400,242585.7842122260,246550.1861223390,250763.60310434400,255408.70356524800,260606.87722538300,265362.1697265770,268795.2289786470,270956.57232397000,273014.23321492500,275768.69051547500,278911.51494616700,283873.97442943500,290199.5960699240,297942.8587834120,305585.5582395850,312501.5997000500,318517.3106543970,322278.87286825700,323867.1558898940,323610.1596346090,323075.0311651800,322408.01633593400,321356.0813297730,320776.8317379150,320907.1415889300,322387.1936655640,323730.5219459750,325573.0346562830
30,9,Michigan,state,,121652.79725774500,122529.05632527600,123131.76461325000,123762.17658362000,124486.88666533200,125439.8816639300,126074.20566934400,126667.45124256300,127260.96288001700,128033.51142253800,128889.77819824300,129852.45074578600,130863.67650779400,131846.74837233100,132834.69749715100,133787.0472784910,134722.21065734000,135631.5641900760,136589.4695083120,137423.76080055600,138186.28582522400,138894.97918404800,139780.54265557600,140723.61502724900,141792.10668234600,142815.23299396700,144156.20507356200,145396.3831086020,146673.84365894600,147580.24142628500,148664.4378599400,149442.99793521900,150176.7093826320,150380.013107262,150853.80160401100,151563.9308520900,152753.02348100200,154159.39767314000,155651.91365681800,157012.62742068100,158109.64185234000,158961.25099506500,159449.7789566170,159718.27370097100,159859.8972479110,160432.91887840800,161312.07096779000,162206.7078731460,163238.84536042800,164586.8735886810,166218.71716778600,167727.34873506900,168525.8623327790,168844.1275427790,169122.01226807900,170060.9842271650,172096.10304063700,174604.1172967840,177463.99832113300,180074.42129072000,182869.04410113600,185986.81341866200,189294.68642202900,192600.4108937890,195920.5795906930,199337.6232614720,201830.29994745600,202795.76884901000,202411.0763372020,201994.6147835280,202239.25279036400,203022.32946319700,205335.3781872930,208996.40586589100,213630.67650692900,217958.40102272200,221110.14204099100,223408.10305373000,223921.76194290400,223251.92574944400,221765.89957692900,220787.02824168000,220081.74103364200,219547.23410248300,220395.47783544500,221940.52367920300,224169.17407809200,225420.09781062600,226906.9386879720
40,10,New Jersey,state,,298836.1548134910,299582.6014885240,299844.45044051500,300245.9663446960,300870.78687415000,301821.23940322100,302584.40695221800,303141.6687988900,303458.6100212540,303854.2734386870,304382.878260371,305478.521405662,306536.34040818600,307670.52697217100,308582.8315731770,309972.4699914880,311549.37045912900,313208.7626736590,314423.74742201100,315309.6063938970,316181.76603055200,317286.0249943620,318655.55189150900,319906.25448704500,321103.95952048700,322162.8938993470,323633.69918220000,325059.54661049800,326588.8248233750,327930.239243164,329570.80112400300,330961.99275047200,331944.1542289610,332415.19891283200,333148.6107080120,334072.69501951300,335261.4147046590,336687.56607502500,338579.1651884660,340726.0895387770,342402.87609218400,343631.3489792470,344291.50076798800,344862.6044359350,345211.3838803230,345993.3095796700,347419.2658227310,349230.8148359130,351403.36064247700,353406.73010011200,355874.3559594730,358294.27685531700,360083.8068825660,360732.2080660010,360850.6817936220,362165.6639358910,365773.3820103560,371051.48946689300,377271.25145305200,383715.2637496260,389711.1428011800,395811.6363912400,401409.08918256700,407063.7300025440,412488.40361944300,417772.24053065300,422441.248291682,425491.5999308620,427218.69614058200,428763.60499725600,431246.44698576100,434385.85922151400,438438.32767797300,443216.3775845310,449330.2100421170,455635.82338651600,462008.6889175370,467311.9402474140,470277.62762273600,470443.8699616460,468810.47867765700,467651.259844335,467166.34477855300,466799.5824893920,468663.84023581800,471245.7697009940,475422.8892905060,478267.9443396830,481873.4189694960
56,11,Virginia,state,,240684.88858031400,241768.51618833400,242291.6184781670,242453.10673473200,242603.25593499800,243014.39829292700,243445.3464204700,243950.42139495600,244610.2957868770,245529.35849201700,246637.35632887800,247786.1220175450,248888.0245777230,249927.14135723600,250853.50952822600,251819.81997622200,252634.82142167300,253399.20893316100,253976.1531795620,254536.72227521100,255189.51914164700,256082.03543219300,257052.06233835400,258063.81756647200,258996.0174438510,259966.26393521300,261144.66893129900,262139.84188257800,263030.48207346400,263481.91496352300,264251.09448384900,265056.1789653040,266017.12340388300,266608.90403635800,267162.2464127020,267652.52713463500,268361.66667177800,269434.6077614850,270882.3021263800,272362.4609776580,273428.6128000900,274211.8904637220,274842.94748749400,275611.5984938600,276408.2900607910,277350.3502519040,278567.9886265370,280044.10814325500,281729.05587371700,283427.38404249700,285038.26702682600,286377.93777014400,287125.69971796100,287661.0197548340,288591.99164240300,290642.3360180100,293952.2631468920,297975.8319052070,302268.8082445000,306343.0066764360,310186.7138615820,314142.6805675330,318189.92049800900,322459.2327597540,326921.979876208,331309.1542009990,334594.5096322340,336288.34142687800,336626.32317841700,337055.9625540690,338397.42301910100,340802.4286094040,344975.602455741,349957.605539733,355697.9495585750,361113.59629821900,365968.2718309770,369977.80940128300,371959.75797004900,372149.689116536,370953.7334816740,370086.7296204590,369773.61516936800,369552.10466505300,369752.7579981490,370234.80610266400,372084.1258579000,374114.10102291900,376985.05671502600
59,12,Washington,state,,306104.79987241100,309548.6742887420,312344.3175606490,314790.7025746830,317173.7106784030,319598.3496308020,321684.7129808640,323566.50579552300,325500.3710066660,327823.6173473110,330619.9815517990,333940.770651083,337493.28058583000,341245.45366869800,344970.7699136300,348643.59515560800,351800.7994067950,354739.98574175500,357383.28988177000,360019.04897682800,362537.4396658630,364939.3097981120,367456.23693836600,370305.26158581900,373638.17108317100,377282.33871260200,381285.8583321110,385046.6629306140,388702.35372088600,391565.4946725820,394727.1639835480,397306.4396385560,399243.0127175320,400186.07491855900,400850.96916635700,401720.3874949180,402681.86789922700,404132.92865810800,406329.09303729000,408708.7699128840,410810.5493189020,412484.5953217040,414012.5357512070,415642.07667422600,417182.19028467100,419318.409730117,422085.6438257500,425531.2011679320,429300.8547828700,433457.75934343000,438136.50209327800,442817.81650396000,445875.74938215100,447633.92331451100,449243.2337056780,453029.9009991210,459418.13213086600,467291.3782416120,475967.36391362200,484326.5158166630,492565.91168264700,500903.98368417500,509742.89619884300,519553.82765517700,530016.8087668670,540086.8160911700,548386.913946818,553411.4490482790,556319.9058624180,558358.6236733310,561539.5383974800,566085.565193423,574645.7669443790,586883.2697140790,602271.4679430700,616795.3478202840,627641.3485505030,632964.3237033280,631302.479588498,624677.9055301440,615902.7974006710,609465.5503951110,605123.8330119040,601166.0179929800,597320.5402298820,594094.6532798870,592951.3965833860,592777.9171453890,594947.9453011460
8,13,Arizona,state,,214143.83555610200,216091.615091918,217604.57459120500,218525.4787246340,219332.12036156500,220248.36880867400,221200.11215671400,222083.8558433830,223252.96096463500,224411.8859039260,225623.43837450900,226753.17596966900,228119.92859783500,229711.93759310800,231444.9753267720,233038.7601427080,234422.8517906530,235816.12887782400,237158.61022153200,238578.0698264960,239990.59763631400,241426.59177902500,242701.92118154300,243974.81637024400,245442.79706341600,247111.4655892520,248831.54647495100,250340.21533385500,251997.16592596100,253706.4547464100,255787.3709309440,257727.54448024600,259558.09372970900,261058.66063738200,262421.9143218650,263620.0172146800,264916.20915557500,266490.3327331440,268025.19156327800,269334.7970638990,270309.05270049,271306.92003907900,272323.11471721400,273560.4010770550,275034.976095034,276781.1842033370,278821.4455229030,280946.69984139900,283486.9457109180,286272.9216862210,289441.9329842710,292347.72198522200,294384.73001407300,295850.1144255350,297488.34362596200,300264.03744425300,304390.25613767700,309203.92666941100,314516.8599625150,319857.8445348310,325271.0043333010,330991.00680244900,337630.47321879700,345307.1228883450,354010.46297468600,363281.93049622600,372350.6319436900,380502.9298855050,387504.31463620700,393897.29257109100,400085.6691233440,405907.02416567500,411970.0419742200,418853.2257161750,427290.6974784330,436739.259238261,446083.92327101900,453926.34238197600,457920.8435772430,457298.02891305000,452564.69830579200,446663.2131662900,440519.2646800340,434239.10169579300,429010.8018732360,425459.2467927440,424194.10383410300,423556.4409622010,423694.3586447730
26,14,Massachusetts,state,,366067.56416041400,368366.67836326800,370066.429015464,371865.8355905900,373861.2402890310,375957.8409689580,377531.97323327400,378640.87831874100,380111.55222978100,382194.5222542520,384974.38515168600,387788.30233243000,390355.7916456300,392588.03874450500,394977.34652214600,397714.6522957460,400524.70945088500,403049.9057814900,405193.97599904700,406937.19339719600,408973.3674250040,410922.801277616,413076.668454405,414969.8841777770,417068.24183897300,419324.4288552340,422023.3831824240,424727.9481712940,427589.21569259000,430078.1274170780,432576.66264523100,434669.58014214600,436489.56306918000,437356.3733965280,437653.07664514200,437322.27023346700,437262.8192083720,437960.7489029890,439397.0448771700,441495.921765378,443037.5816223690,444384.911670602,444979.6379967440,445336.37395066700,445403.31263172100,446213.33116431300,447883.4428950550,449795.4737629000,452187.6735121520,454860.1767707630,458217.25993596200,461220.39932443200,463128.56019682400,464113.5921404790,465249.87855753900,468296.4851967420,473840.2036492950,481116.5381855280,489497.9203096880,497935.8843405220,505726.2474943440,513136.88620160700,520354.24913225700,528028.2587176030,535586.929787152,542306.6783419540,546068.9101125070,546425.6036390610,544596.5932535470,543369.7251656970,543913.3405822180,545891.301583407,551593.9586292330,560897.718814514,573146.182713234,584249.795863933,593489.309899927,600453.1926747880,603805.5219408030,603102.8331498710,599334.2088465720,596297.6446301870,594621.4229803610,593568.0605869840,592756.5323319710,592328.4799212320,593756.9515662230,596135.4828279930,599968.8417236140
53,15,Tennessee,state,,143847.00837609600,144862.24191826500,145579.56396879500,146215.51996612000,146811.009968515,147529.73929337500,148248.10906039700,149150.01536693700,150281.31525358700,151650.85171511200,153176.5715653940,154686.47263252400,155901.66011963700,156703.72319199500,157356.3134806490,158212.18890198100,159178.06466930500,160094.88178990400,160971.87826101600,161959.261099686,163166.19780287900,164470.98802994400,165827.98154673500,167051.29546699100,168198.57425180600,169192.78779511700,170377.27976117000,171413.33856175600,172461.52205308700,173291.94931496900,174377.11713521600,175497.76453725200,176563.64486295700,177288.95576149600,177950.24195272000,178848.89479878700,180296.46041871200,182208.88682981000,184251.7643657970,185941.75787558200,187275.21193789400,188531.65923756800,189757.87194342900,191032.29761227300,192165.63421906900,193470.27033350600,195005.43813927600,196650.0639249920,198481.42867028200,200165.4298301930,201827.45355052500,203272.58490147700,204356.6042629330,205211.2604476680,206078.48974051800,207582.02332018100,210078.86166658600,213091.6002784930,216356.90430406000,219304.1718261520,222268.15901510900,225442.61157429300,228783.0804451850,232390.67042108200,236491.82011483500,241562.476112996,246681.00271419400,250683.62397614600,253428.53095651700,256095.78809605800,259799.11540408000,264149.55019353200,269682.7129257580,276058.83375651700,282578.7450716500,288723.293763656,293659.1454768240,298080.97184167300,300651.7993240810,301574.9474427610,300977.3574792630,299929.8536789620,298794.84162138100,297355.83053625100,297783.17935536100,298876.1254772250,301100.67520289900,301968.5185213430,303297.06625165700
22,16,Indiana,state,,124208.00369017900,124883.23693409400,125318.97684039000,125824.762248369,126379.19777368900,127087.13593713700,127647.07580025200,128169.29813828600,128777.28321783800,129522.46366356900,130289.62255370400,131041.4099145440,131631.42315875300,132046.9628428960,132447.95191356800,133093.93349995600,133913.60543497200,134724.03863888800,135501.36889245100,136277.12877880700,137065.95886177000,137836.7756333440,138765.48213801800,139639.15233030500,140452.52321584100,141158.81778184700,142145.44320216100,143184.98194212800,144261.47450862500,145126.43783845000,145973.68169917800,146776.9700059370,147646.90989484100,148403.1775405010,149251.02637914500,150002.90281678900,150910.87212798100,151819.93547679600,152919.0056124870,153861.49401089000,154572.5766227290,155152.62792152300,155777.0731778860,156518.00247177400,157192.15230315300,157951.37712687000,158887.90724268300,159975.42975059300,161205.58634602800,162489.92358045100,163923.0287887310,165291.42915751900,166308.9462719440,167068.78251219200,167944.33627400700,169252.24655406300,171225.7097345150,173617.77070883900,176504.82086229800,179291.97470295500,181859.22362055000,184434.74174245000,187359.99949226600,190505.76119452300,193674.43044962400,196751.14575889500,199325.27845574900,200966.48618308700,201682.10702279400,202499.01328621200,203914.50349461300,205741.30280631400,208638.07550933100,212458.64166526200,216894.54981918900,220968.9398087820,224079.6265317340,226700.6275291790,227952.05511332700,228172.30166874800,227479.24113793200,226980.92827780300,226856.28965228800,226760.85042910700,226878.55985648500,227446.12875379900,228985.83744884700,230849.56399723200,232982.28929263300
27,17,Maryland,state,,277374.4988812970,278333.2598330190,278586.61790174100,278635.95522067200,278925.2756926310,279702.9236524430,280431.6709326820,280746.7072010690,281114.5508651380,281809.7199746830,283115.74831911600,284644.08381794000,286137.4941973030,287547.9903160300,288705.85730815500,289942.3688832720,290890.215664842,291478.9218230290,291722.3042766140,292085.00898115000,293013.29519377800,294167.49859222100,295372.15118449600,296551.06425438000,297648.19892930100,298555.38893112300,299598.9845603940,300472.8289404040,301487.2718851980,302086.16346432200,303003.5272100520,303822.33263675000,304753.7940285070,305387.71147638500,305970.994249651,306520.6070242600,307231.39803898700,308427.9972118710,310107.5568015820,311907.84157238300,313152.75827337200,313975.7069638720,314563.3951216360,315206.57525938800,315709.6687045520,316274.90524011500,317187.6119380500,318423.64275405200,319982.41990166000,321767.096645036,323656.35990450500,325361.7798299620,326187.4633034900,326454.2770440980,327029.3925934040,328753.1683412650,332004.83790643100,336079.32016853700,340658.6477569200,345056.72108256900,349146.94690201100,353639.3727035960,358550.5344708640,363832.4161023200,368887.58324507500,373302.8080941010,376324.86620075000,377705.2154241380,377768.8213826440,378143.95186816000,379270.73711662400,381318.1001818450,384387.8957386420,388239.3492453130,393033.5382596530,397778.1480444940,402157.3615411530,405219.9125016270,405863.4893892190,404293.5606758620,401602.2103218510,399907.23872645400,399023.9249113440,398462.18092318500,399309.92325672800,401134.2689282000,404587.8858740440,407535.1013384470,410731.05147937700
32,18,Missouri,state,,131156.60904450800,132012.32128533800,132487.22219502500,132804.3487294210,133232.16208924800,133877.01954787500,134403.4269933240,134802.6725315090,135236.7035011450,135884.59224497400,136745.7396666750,137661.063745482,138519.83398079800,139363.7424019640,140152.89629697600,140948.9057675760,141557.57645468500,142083.0851467850,142521.8114184750,142950.0004211120,143482.63202865800,144108.0365708620,144813.4756607350,145479.36421763000,146204.13160933500,147048.97658609700,148201.2244429820,149291.6952681870,150222.70701570900,150707.7392861320,151115.83901074900,151591.6412999590,152325.1180577430,152994.8859151820,153754.2186600360,154360.95478199900,155200.5434949610,156172.63460063900,157363.85191328000,158413.32751022400,159156.43156543000,159780.782896793,160233.28996892600,160624.9095093820,160804.23121225100,161330.47371193000,162135.3161404320,163184.41430267300,164180.77911745200,165321.71925959700,166641.18597719000,167915.5717266760,168824.4343436180,169382.50086874900,170293.129841132,171856.82274540700,174458.23202647500,177420.09874702100,180579.42612421100,183246.79298291500,185566.4344912390,187958.62473594900,190758.5845082820,194011.73779887700,197401.28620484500,200692.6385745920,203133.14827025300,204499.9623288960,204942.3340069720,205586.4008296930,206897.2212724940,208818.90930836900,211825.40445279100,215690.43883762900,220239.70859570400,224491.39298004800,227912.87008609800,230840.79363353200,232474.13175672900,232877.42493435100,232083.80601154600,231398.60830834400,231022.2835916940,230857.78199372400,231111.49235673200,232191.4626322420,234371.1460039280,236928.10710095700,239561.00882617200
60,19,Wisconsin,state,,161774.6001103380,162705.42732255700,163337.0486895850,164022.37305476500,164739.5648903770,165517.44900563700,165892.6871410280,166340.45107457900,167008.95493899100,168056.16440848600,169209.33118838200,170368.2041820440,171402.84990794900,172204.34084504300,172975.3947537230,173820.860767058,174737.32791085100,175666.7324715620,176591.52093881300,177392.71319923600,178194.70191503300,179081.79320358100,180118.623962556,181073.3007478730,181855.98385437300,182709.1137239050,183918.5781271110,185233.12108439100,186513.00796401000,187487.3432357060,188823.21529085900,189958.89688854800,190974.47731616700,191300.8175502440,191806.01986848900,192530.73305179400,193771.47570751600,195384.7000062960,197148.07213544900,198588.86766784300,199629.8537695590,200462.87916744800,201325.8177334880,202180.79706654700,202916.58130690800,203752.22698281100,204770.92733348800,205913.2522103360,207155.6754358430,208355.31607026100,209717.66394919100,211097.45787867000,212208.38448230500,213010.21208585800,213840.02178865200,215483.0199479070,218351.90785173200,221853.7305426180,225256.34231306100,228116.05429052100,230506.42198100200,232832.2680128250,235047.13492538900,237777.2096853100,241232.50988486000,245179.34363407900,248478.47811828900,250038.7591985160,250156.74467648500,249829.0806411410,250250.00840408100,251371.61577611700,253651.23097471800,256619.97133081600,260187.17996878600,264094.7954029300,267678.1145979730,270618.81313386800,271767.42352077300,271496.5429201960,270632.5325648440,270119.72584251000,270170.37041637700,270312.43788153800,271858.6488936610,273587.7286525960,275862.76131216600,277030.83110048500,278933.1430714330
10,20,Colorado,state,,317860.31870915600,320737.0275606600,323536.3272022420,326500.6131372300,329428.9149088960,332181.7995768080,334479.0424699910,336330.72202171200,338044.5852313130,340060.6337050560,342706.5693831900,345843.4162628910,348917.5527126060,352216.75130696900,355576.81680702100,359059.92292148700,362011.1173186840,364248.8772922000,365708.9087182290,366870.05702105,368258.07063856300,370103.0911350680,372378.288265849,375121.7832748150,378164.43965784400,381298.881173131,384383.86433412900,387127.1150896940,389722.4263632640,391693.3980218960,393846.85501811700,395619.6178023170,397349.3730497170,398651.53717851600,399922.01014625000,401333.72650613100,402972.0221325600,405127.8445660970,407512.48388433800,409660.4212608310,410844.79765041600,411622.5991337000,412225.5470355020,413191.44980077100,414169.57110925500,415597.1503567720,417521.7030591610,419778.36369273700,422221.48708829400,425035.4957322230,428327.47993546000,431557.4608574100,433194.4588117360,433630.5536468630,434075.2373637170,436227.78142484000,440594.55263057500,446303.80866719400,452742.7586149260,458960.8987949260,464980.6788103400,471376.5049097320,478885.20146167400,487403.24228333500,496602.89548446100,505495.77203003600,512681.8396085840,517546.1711041710,520540.9707398780,523798.6757228110,528452.2037929490,534213.604620979,542168.7632273720,552292.8662327030,564302.1502268130,575571.0366442850,584290.3950958040,589450.4158493260,589576.8124417970,585469.22040925,579230.412600391,574238.0435502610,570343.5926692130,566543.9459370160,563225.6234882640,560885.6809827620,560284.3152752300,560470.2338913870,562023.628039694
31,21,Minnesota,state,,198638.96845317800,200171.1143840000,201431.51032346500,202638.811988158,203625.81037572900,204567.69184752300,205201.99855466,205872.37085837400,206729.16521373400,207797.23247016100,209092.88292301200,210528.25419682100,212095.14838982900,213776.46695833000,215457.9260196380,217299.44292596900,218979.94927602100,220406.1946493450,221344.18598392700,221974.77345998100,222513.32353983000,223216.96895406300,224293.85921189700,225741.59284359300,227254.92348846900,228843.14720080000,230638.86890476000,232439.73401335000,234033.42916004800,235002.9027436090,236098.0520586510,237057.9495396820,238020.20356126700,238548.00953584000,239107.10314387300,239885.54066123200,241124.7819962740,242843.00754355300,244779.75367211100,246443.8729151330,247517.42439509400,248315.35093403100,248895.08347459500,249432.6354226310,249728.83107549600,250293.43633102100,251309.956891995,252693.7626598110,254432.62247484700,256405.42412506100,258572.05652602400,260463.91423119100,261490.76126567100,261846.9171184430,261968.28030152000,262845.5623390980,264990.95629750500,268122.1004542860,271799.47182797200,275463.7835382290,278929.01063271200,282492.7866269070,286043.1129193990,289921.59945307300,294233.5585664090,298899.29633192900,302870.8994953930,304979.5472699370,305404.22115922800,305484.4162085910,306461.98586810900,308146.2094041840,311474.60864729500,315865.2343261270,321336.09188363700,326600.5857427940,330987.26448432000,334171.38187318400,334850.3526338330,333594.21466723700,331217.89516388000,329656.1022941300,328732.41825650200,327772.99609132100,327270.6530058450,327352.51040951100,328797.34453879500,330222.0747841060,331860.0058080160
51,22,South Carolina,state,,153562.04459096800,154462.02903105400,155044.70101906300,155532.8882866510,155995.235964711,156627.66287395600,157157.88038154800,157793.56320195800,158594.22126225200,159576.48564384700,160544.51155889500,161355.5639936380,161858.10936427100,162255.6543470050,162653.0792050860,163405.22721186900,164126.09424816400,164872.3610598500,165520.94454154700,166287.24527450300,167186.48631360800,168109.0964485820,169141.7413872010,170093.7661444620,171001.09537659900,171859.86108912400,172930.48046037400,173812.0804177060,174621.0634318640,175190.4426230600,176104.23494296600,177138.53172015300,178225.3686984170,178920.99897804200,179535.36210099800,180098.75682020300,180898.10740406300,181732.84281328400,182709.82474535800,183594.6513413780,184423.75440518400,185230.92610467000,186024.41885216700,186835.34880561800,187432.49641005300,188153.56948516300,189110.82318052100,190302.59620752700,191668.2956975610,192918.88248837600,194265.12999238600,195479.39867195200,196478.79955362700,197322.55590822200,198391.4729891740,200019.07915742400,202422.99379043300,205201.2202461370,208191.2583096400,210994.03833379,213662.87792914900,216419.65382386400,219242.39077029200,222120.94702565500,225423.94776249300,229282.3647125130,233106.84410196400,236007.90718922600,238015.46111711900,240121.58787888600,242874.14343757000,245991.72312070000,250163.90105076000,255145.54234005300,260896.70409513400,266551.49573771000,271701.8938938440,276401.09978244200,279599.19219305000,281257.45694253400,281412.19210125400,281424.17535175100,281364.6915630120,281027.6660557380,281159.1727210940,281704.3810857290,283115.2116955980,284046.3664465570,285053.1918717660
4,23,Alabama,state,,122461.29047590900,123212.47750113000,123564.17255852400,123820.50759921300,123905.13816475200,124178.77525550200,124282.8276036050,124534.85165136500,124922.34184306800,125499.73971110100,126067.03451839000,126636.70007770800,127137.30328375400,127520.92980145400,127692.13037356100,127772.78472592400,127760.62625071100,127809.33609660900,128096.2585413600,128604.13001138800,129273.87760570300,129971.38352746600,130692.91832923500,131330.07835316100,131896.9376597710,132378.82088351300,133023.83851436000,133442.91771563800,133778.8811368820,133905.99055126700,134357.61848277900,134950.618506595,135667.28045049600,136100.8355561300,136658.27478791400,137298.3743975600,138287.64889490100,139441.06634370100,140646.08456522700,141494.02537276000,141961.01586153100,142402.60484302100,143046.09138724800,143860.35030138500,144525.42995002200,145367.4555220360,146473.59496721200,147850.3852988350,149156.1041730190,150254.997489609,151264.26385447600,152176.00908663300,152886.61784729900,153566.5475955800,154394.13639899200,155641.07258671900,157459.59185321500,159511.96398248700,161701.5520810960,163596.92700077000,165399.60987075300,167272.5799709470,169196.90619511400,171232.48686792700,173475.49406640800,176164.94598706600,178889.2606348440,181050.93622575800,182460.06532115200,183822.97188009400,185680.63348564100,187713.0700231920,190079.05471549700,192514.4285201990,195089.95542155100,197714.58347146100,199951.6859962580,202276.37282925800,203708.62985020100,204642.59098222900,204715.7086461270,204590.99789595800,204235.75048662400,203812.66961626300,205330.1010263230,207360.2294397970,209928.88723834000,210712.40454228500,211280.45460108000
25,24,Louisiana,state,,149055.23353710300,149736.7705160020,149889.32813415900,150120.7497929740,150302.7122768980,150631.6392512110,150545.52259027700,150565.61416554200,150515.67008281400,150809.06638617300,150819.60902182700,150847.5792738490,150563.17056595900,150378.65472844400,150110.62859617100,149910.7492248040,149548.11270331100,149298.0100749340,149381.99128662000,149883.4980832860,150680.98314161800,151420.39784456900,151916.30323666600,152133.0055136370,152561.46355249700,153037.63352470100,153818.20144261800,154117.41578695400,154171.41196544700,153649.08579471000,153493.55660888600,153515.84388341800,153844.3601028950,153703.9366860060,153833.47381665400,154128.47789172200,154883.84961005300,155868.34352589500,157046.92591745000,158136.47718551800,158939.9524138740,159417.04410672400,159903.27915553600,160283.28028692800,160528.29034238900,160772.75384183000,161352.58693322300,162354.4713082640,163589.39239895300,164753.96969404900,165698.31328400500,166654.4680812930,167198.48996080300,167484.66635425400,167729.50189445700,168686.1401940990,170556.71835857300,172402.4849377140,173740.87002389300,174333.99310643300,174793.25774244300,175544.75751695800,176429.01194713600,177281.16051832300,178172.8570383000,179388.86386689000,180314.52998532400,180528.46762098300,180183.03405909600,180369.0596109050,181318.51655441800,182617.48203227800,184219.78057521800,185863.60064696900,187806.44831080700,189567.30562338800,190965.57644775600,192260.0850724200,192922.25297082700,192849.5985894320,191706.61731007800,190456.2368986450,189292.63392279300,188040.01122519000,188370.9586026350,189084.66153271100,190268.9936159740,189744.74558597600,189222.03556149500
24,25,Kentucky,state,,116421.31606698200,116866.54889959600,117046.21230402500,117155.815660938,117378.02735768900,117911.1783192190,118314.65735857400,118729.47928652800,119176.83587145000,119836.9984365500,120528.48483362600,121144.1580595480,121699.99299055800,122201.68925605400,122696.17195983400,123270.13752377500,123831.09994234200,124383.99367972800,125033.06336367400,125698.70499980200,126553.96556673700,127197.04753690300,127635.97884829000,127808.99776358500,128180.33069951900,128988.99152629100,130200.13906410900,131238.4663188050,131992.35789438900,132374.54533463300,132954.00168398500,133588.05878331100,134347.91075792200,134757.4627059300,135308.86242018200,135875.58950388400,136382.7889153020,136713.01295128500,136980.26452554300,137361.70316695100,137643.39441843400,137911.25840540500,138177.59988395100,138526.07462644600,138777.39094859800,139315.21282727200,140123.62533826600,141134.744804782,142194.0744186420,143164.03703905000,144225.80085566700,145155.3838599430,146020.46089257200,146753.3174780190,147732.72563989300,149126.49435113000,151229.75020155300,153552.4728165380,155929.0902919480,157939.66610530900,159749.5713925810,161547.32050501700,163364.30983330400,165129.2967945410,166976.15560146800,169057.66311060500,170732.39668552000,171640.0839202280,171648.4319663250,171861.1384692570,172572.2503622000,173745.74104362700,175968.9769448170,178882.54186470900,182265.93106103100,185263.6435478270,187681.41311549000,190027.8148139000,191701.3371179450,192582.56265225300,192641.27309114300,192838.36631637300,193299.42153439300,193600.65817304600,194542.4924221670,195478.88723699700,196712.9130619120,197070.18471902600,197682.14788553300
46,26,Oregon,state,,283781.44536971000,286997.59828988300,289717.73547104400,292510.4417122890,295512.0997814620,298515.6166157720,301132.7676043760,303402.04807083200,305474.20235564100,307802.6059714080,310465.8351663270,313497.05861800900,316351.47514991300,319135.2975385940,321769.86388672400,324433.77799021400,326748.33354730000,328903.9204642660,330694.74871358400,332457.5763797580,334036.21731087400,335589.1771978240,337169.9445550480,339148.51443857200,341638.73714946600,344473.1907030270,347521.2866018680,350151.1700727340,352395.47674685700,353743.03355083400,355156.0660958650,356384.094923422,357526.6691365810,358161.5724736320,358697.44607394900,359690.2634566870,361173.05587322400,363054.26308134600,364917.3077577110,366409.09148891200,367247.93367871100,367952.3499719610,368503.0193281340,369250.9730040860,369902.3327433280,370968.31495078300,372696.8780062080,374964.240189153,377954.7574039500,381103.17457498300,384485.9792927830,387227.7612535230,388559.69115204100,388872.06834045000,389345.8950773640,391677.78041331400,396145.3874932130,402090.5577372650,409084.69829256700,416317.8594213440,423494.62227434700,430818.1754340990,438474.2664060070,446359.40154830200,454151.1783927610,461245.37972795000,467449.5240841520,471986.25816839900,475417.0911239460,478541.2020109220,482208.6627162430,486277.4534714630,491716.3856656670,498763.54041401000,507509.70289593800,516366.17960331100,523914.31946718000,528791.8694850560,528951.5577327370,525092.8172060030,519086.93401280600,514461.0655496680,510984.3698443960,507776.9965804530,504994.26733718300,503138.43266220300,503222.6973088480,504211.313152977,506336.4170312560
45,27,Oklahoma,state,,111778.831504413,112187.60923147200,112857.57555004900,113526.04775156100,114096.38790801600,114594.42060898000,114925.66213024700,115197.50415922300,115469.32753664600,115888.64655395400,116200.62677226700,116361.04039377200,116443.02561949800,116746.43153602600,117174.82350361600,117584.5093907800,117906.61923170200,118215.72572119900,118500.34029947800,118803.09163619800,119207.14828369300,119690.03900636600,120143.67662452700,120574.95037224800,121102.41677022000,121614.18110399100,122225.31410350000,122778.80610390000,123215.76097295400,123341.353484452,123534.07143772100,123786.10770146800,124280.1252196230,124680.19987815300,125370.91460288200,126118.11901441800,126592.72115065800,126906.42829732200,127131.11095937300,127507.34399149800,127847.13108634900,128354.26139571000,128932.9887006400,129477.75244906000,129788.2418195100,130315.47974847000,131195.9288802440,132435.18357059800,133882.63979344600,135306.36541034000,136565.75891534200,137538.76701231600,138165.12101940300,138842.19883332100,139903.90402256500,141546.79526380100,143721.7982541510,145975.63968572200,148455.01201318500,150834.84199046800,153093.9073654410,155144.77792229100,157118.00158354500,159027.27683213800,161023.5080776240,163204.3427144420,165042.18919359400,166487.40353442700,167412.0472864080,168827.00551257300,170611.476977748,172689.43757686500,175372.56146081100,178354.91291800700,181594.7543006710,184337.05242853900,186610.95991513100,188743.35947788100,190361.33598607500,191367.61125212800,191789.32189793000,192248.39902297000,192918.86345141400,193322.40941557100,193456.03234721400,194073.98045137700,195538.24131558000,197562.294152866,199380.58954234400
11,28,Connecticut,state,,264092.9424793980,264209.31998000200,264384.06126209400,264378.77319712500,264838.4362422840,265364.0301079530,265720.18221145100,265939.0130392630,266118.91639626100,266697.5655787670,267380.60587603100,268448.92478587600,269161.18045660400,269734.82398100800,270263.1906741370,271311.6002835210,272575.04340765000,273689.7835244210,274605.35527294300,275145.92484812700,275664.5544801350,276170.5852997690,277095.53396814500,278031.7966030680,278858.5804812800,279286.70371111300,279835.32296271700,280092.31600097200,280432.3619431810,280508.7880813830,280855.7660914280,281255.4066354940,281790.6305340470,282142.11279775800,282375.7509748780,282494.2008286720,282643.43585358700,283033.2965852190,283665.87177860400,284369.72811717200,284778.4105291060,285027.2982954780,285306.38055656000,285663.68019927300,285808.67599523100,286134.9893075150,286756.9782862440,287697.7880883560,288854.70103419800,290044.863255502,291716.8686763730,293376.32177476900,294328.4615466520,294497.2134166790,294788.92996774800,296578.4446869790,300139.1452423330,304971.6539609440,310591.99497689600,316445.8708918540,322082.07818531500,327626.8769674490,333025.8871802510,338313.6812566370,343264.0844362080,347801.1152690940,350585.70127969600,351278.45008998400,349993.9652609660,348934.5843512270,349019.78256866500,350670.94564878800,354773.47156585800,360716.76505930700,367952.67197459300,374670.7749103340,380850.06305723200,386077.7865995270,389387.1437447270,390086.91494403100,389072.9791081190,388250.7306777820,388480.1685927640,388747.10772322500,389271.5936841030,390116.3815886030,392448.03310953300,395144.43044714200,398504.514370007
55,30,Utah,state,,262026.40222588400,264250.30796355300,266042.54474580300,267777.2051651780,269715.75524205000,271893.9473839840,273793.78198073200,275409.57803307500,276921.57928387000,278547.8521765640,280303.3243541270,282144.66495504500,284088.49050763500,286326.46950279900,288828.9571762660,291417.9523696210,293770.9484517150,296071.15804196700,298194.5274182640,300353.24461920800,302467.0944716560,304514.1888093870,306602.6511474220,308878.92507129100,311501.38212657100,314315.3210282580,317284.85918644200,319784.5442943740,322082.0518172840,324122.4856772830,326965.8463142550,329806.4493880130,332537.0698995110,334642.6546917270,336684.79030420300,338506.4395398890,340892.68603929000,343736.74881713400,346947.4367118820,349461.59020644200,351108.295998912,352158.21312219000,353152.4938967170,354391.9422243420,355981.989532263,357989.63372145300,360553.34814646600,363617.9293213920,366918.66012978800,370514.11371430000,374369.1964298310,377996.036806012,380235.1401586090,381487.8541209420,382915.6072921060,386129.7956716160,391526.89818582900,398464.3084922310,406332.60297574300,414319.0308515380,422413.74511189800,430663.24950178100,439361.6087536160,448814.2845352040,459414.12532543300,470122.70428666500,479724.24350826200,487247.97071843200,492955.8875047700,497767.2435801560,502538.44079391000,507878.46948953200,515673.8447147280,526055.3742659220,538306.2102101830,549923.6352319630,558790.76988529,563608.7442783670,562829.7282032130,557683.7561205220,550354.4549457670,543973.7822955670,538637.3572333990,533352.7265637500,529731.4608935670,527586.3379008010,527993.7633994640,528297.0022956090,529447.1079773050
19,31,Iowa,state,,126571.89568364100,127574.81623072900,128029.5901627620,128186.37699330100,128178.9378407920,128401.15954077200,128571.0984686540,128872.26671731900,129344.13151768500,130077.82140071300,130816.2292189020,131416.49574005600,131857.05166817200,132203.41661096100,132433.88337254300,132748.14149662500,133180.92825456100,133713.62011779500,134308.404483428,134829.98081780400,135385.9567290930,135978.82128476500,136577.44491452800,137057.3050870190,137547.73259218500,138221.84657930000,139093.60859774900,139818.78075597700,140490.73920115700,141127.17758128000,142013.3968250970,142672.47395404000,143331.34467711500,143708.7721853350,144286.78197516100,144815.92850456500,145725.83627832000,146974.17522946700,148462.08133195800,149681.73421359000,150629.62077541900,151402.98368198200,151960.9813860750,152358.08815503400,152672.98295617800,153404.72210153900,154215.56925071300,155046.74645798800,155342.5284553680,155950.56597067100,156858.33373705700,158166.20704437500,159498.0779857460,160691.2914160510,162103.43865947000,163559.5022720730,165598.75024488600,167642.74776980900,169495.6741598820,170716.87179598700,171734.22270989700,172947.23560033500,174406.0892561020,176133.63543736400,178068.22179405100,180170.1498343330,181951.87684675300,182960.68374057100,183315.58476310400,183753.00828181800,184630.84859901400,185884.62162056400,188044.3225022500,190765.4318513110,194109.9245506200,197315.38226324600,200428.33996434600,203111.57043530500,204741.45525650800,205268.57677461800,205140.3325241880,205255.55029938200,205595.08247651400,205669.39592322800,205335.4988463240,205691.01882867400,207524.5339416460,210374.46230768500,213205.05526018200
42,32,Nevada,state,,238216.9949145340,239592.51450685400,240787.42673830300,242270.01632109600,243683.53566067,245273.38361727200,246385.5377253310,246950.29861474800,247440.76874200100,248073.5830898790,249328.8105063640,250803.62124214100,252645.93841171300,255030.65610002500,257691.13602938900,260418.46631326500,262553.8253182970,264676.66029298000,266892.609940025,269575.43137738500,272574.8430772450,275776.5727310470,278873.41089803800,282053.5588649990,285019.09743530000,287956.36480713800,290935.4701726960,293916.6632175300,296985.61596692000,299923.62204756600,303249.0644292260,306637.69522068300,309760.8166463410,312252.02029856700,314218.66299554700,315700.48393890900,316947.6879282820,318304.17083556500,319678.9774603500,320791.77280470500,321153.2700826650,321468.64254788400,321801.38505049500,322415.05931827700,322818.74787263500,323190.2518487650,323793.8782586230,324724.92971589900,326404.17790767500,328269.12160909400,330389.2433568450,331912.05421285500,332380.54031695100,332286.6696779950,332589.8035105690,334207.3030842500,336946.4248493100,340321.2862362950,344465.9161757650,349008.6420891760,353660.9824052280,358451.24030426300,363459.88044163600,368977.6608521240,374829.486870643,381348.5713588610,387935.7841372290,394156.6016022560,399521.9831817370,404459.1128337730,409783.0188741370,415118.91516909900,421870.04386026500,429691.25546864400,438782.39887278800,447531.09048378900,455379.66881223300,461736.7476096650,464890.5658047470,464300.9342023080,460044.817732169,454655.5552072240,448928.8211941720,443429.25114324500,438071.6786081810,433873.48806602400,431446.0631462580,430478.37617516100,430482.60899047500
6,33,Arkansas,state,,112600.0054735380,113253.95798394100,113641.83191615000,113870.83806891700,114111.608533261,114498.1154756880,114737.41331080200,115122.62551823500,115558.47948807900,116157.66956440700,116632.01912749000,117036.89910981700,117368.41258154200,117645.68356640700,117948.17079448700,118298.73188160500,118668.38538630000,118947.22384083900,119305.09568422900,119646.76384761600,120165.37832328400,120710.90562948600,121322.46621476900,121899.2416194920,122460.37800752800,122985.90953049300,123762.01449834300,124384.98360705500,124977.68531322500,125123.8852676420,125406.62631519400,125599.38436303400,125925.69181026000,126026.74540234200,126369.40210414400,126854.88026973900,127374.97714482700,127833.63225996300,128230.79285140600,128754.2925925080,129252.10042615700,129890.04163933100,130380.18926691900,130772.4027468270,130822.71568936400,131080.72238449500,131496.8091912460,132135.07402909100,132589.11292971200,133197.4949280050,134067.94977222800,135226.87241534600,136198.32046879700,136983.8184510810,137906.59473302200,139189.5284790670,140930.56902546200,142608.11953973700,144237.56032742200,145492.92121901900,146785.84312506000,148225.1793312210,149955.6689930130,151801.00733552100,153828.10450367700,156209.52535431600,158592.37244591700,160593.1598628880,161845.9366545550,163032.08372423100,164504.2861278490,166298.57224672300,168487.03716331200,170653.87230187700,172702.9759590890,174639.63448949400,176222.18376135800,177746.78728143500,178578.85964733900,178996.3172739750,178886.29946039400,178768.0888294660,178557.55211119200,178388.08359045300,179499.89907692700,181366.915308853,183768.68195461800,184867.06743708100,185568.61368610100
34,34,Mississippi,state,,115912.28454616900,116374.518698556,116570.12669066800,116634.64465496700,116749.09759943700,117071.09758163500,117348.97005869100,117522.83592391700,117697.1763196830,117732.77295093000,117762.65550548100,117809.39251465200,118021.06365024300,118422.47637478800,118798.75716857000,119125.90761792600,119098.66294215100,118972.63696989200,118892.72963277700,119074.92993019400,119423.22730438400,119865.86933887800,120150.25301993800,120297.53802351700,120438.22814023800,120732.6724619230,121527.00604517800,122155.57521243600,122542.88526418700,122292.15211699500,121927.10484483600,121629.13915725700,121721.34110951800,121989.92253075500,122720.13668774400,123403.00587064200,123988.23439707100,124318.73785498200,124818.3075450320,125398.38778992200,125968.69126275900,126476.16677408000,126904.70350914300,127162.78913088500,127122.50132262300,127344.21292950300,127708.67736970900,128273.92533604800,128550.25046483000,128936.17186236000,129650.06915405100,130497.34418136000,131117.05697835000,131236.92368314600,131766.68513626900,132789.11285982500,134420.2043536610,135689.1751145870,136771.79470172000,137564.8047069740,138634.04133259700,139963.23717734700,141526.6075432440,143221.434489261,145023.16586118600,146930.76336590800,148876.64310865100,150614.7526298310,151900.51128619200,153304.73719052800,155310.8579325120,157492.61645954600,159377.63508247500,160453.7516375760,161420.47690964800,162323.13083254200,163246.1071492320,164596.76092866500,165751.45289071300,166420.1821818580,166171.6642849760,165414.03690493500,164543.47562494400,163815.59828478900,164612.11127104800,165726.1685543630,167085.709181603,167735.3407994230,168513.11696142600
23,35,Kansas,state,,118450.5219275110,119057.75749031100,119352.21377889600,119530.91262708700,119689.4770527410,119982.90659416600,120130.96130025000,120264.48477208900,120481.05032525700,120873.39208152000,121463.90862977000,122080.51365153400,122769.2609968770,123359.52570240300,123908.24571982300,124494.47484481500,124987.54744361700,125322.3819326240,125627.13751510400,125959.40639541600,126409.83776475400,126829.38112180300,127239.23357039200,127746.29802760600,128386.75737035700,129172.38986207700,130108.69684700200,130940.40455626200,131729.4208231690,132259.0083487130,132864.90840754000,133373.80077727500,133979.18160257500,134384.83437998700,134893.71218466600,135321.2441088420,135822.491648021,136423.43838884600,137246.55756013200,138075.23749826100,138688.69999726400,139230.2101366380,139732.38307078000,140356.2376438880,140873.46404344700,141590.15114781400,142554.58316594200,143683.2086455640,144407.20533316000,144909.71295817800,145353.14707667500,146053.81616641800,146476.02036304900,146762.40594799,147448.33130950700,149151.69163493000,,,161355.9018571350,164593.97806640200,167191.9707014950,169545.18099025400,172073.68272568200,174752.20313394400,177647.0008140140,180543.3698380290,183013.8592918340,184657.80858132700,185434.33225558500,185947.1739589960,186793.48070878200,188024.5381397510,190569.1894389820,193843.19943449800,197806.72191741600,201404.70014922000,204570.6382457760,207293.99403812600,209122.9387098430,209937.46240949500,209820.92381174400,209752.71692656500,209931.12194716600,210187.1432062730,210674.62560600200,212378.96342689200,215602.3530874420,219518.38564534500,223148.86588677200
41,36,New Mexico,state,,166818.49232461000,167214.31974048000,167525.65296147300,168011.68293897200,168711.34154944400,169466.79264935400,169848.467049861,170035.01889686400,170101.3323981240,170519.69464316700,171048.18562934500,171582.03935783400,171666.47196428800,171807.64798980300,172135.6281756480,172934.13534990300,173591.39879688400,174145.2641344110,174639.38842776300,175048.72517661400,175476.07712513200,175890.00316420600,176449.2240338370,176960.44026301700,177312.32528455400,177737.2891041120,178442.537636555,179187.57689707700,179893.7925950030,180443.96379960800,181305.63219570000,182327.15008576500,183518.73785804100,184355.56210070800,185200.56050093100,185949.1388639510,186864.68577877000,187686.92084928200,188621.2737984170,189733.43603386200,191028.14614768000,192233.36505157700,193196.19938468800,193960.13161177700,194582.9460888820,195348.91414504000,196486.01135467300,197968.17184283100,199389.7498253440,200570.67096070400,201832.8626557600,203266.5168064210,204543.01640076600,205774.69190638500,207366.84140187000,209582.32505483100,212503.6380443120,215707.14537622100,218882.45831906100,221785.4527079330,224620.97682310200,227874.54704391900,231327.49703377700,234939.3664294980,238542.30132487800,242235.13560399000,245520.94365437400,248113.37240915900,249777.33841643100,251228.03510456100,253121.1103515120,255572.9147607750,259129.54082875000,263731.60826039200,269300.5472910310,274638.32712095300,279007.7551392690,282701.8802774340,285072.8545055010,285977.8841156310,285398.52421780500,284737.27438636800,284325.12469221300,284095.1600357560,283968.1233178150,284512.5146593430,285890.5124922320,287682.6440101830,289593.6132986960
38,37,Nebraska,state,,145306.90234145500,146327.4748788870,147051.35025282700,147630.64900677000,148099.60657738400,148664.94278778300,149142.99333833400,149610.91903602600,150176.13372973700,150881.28327718900,151715.7460881120,152498.29130487200,153235.4512963710,153908.0333190070,154702.42107530100,155663.24549589400,156674.28522509000,157698.7189479950,158613.29586843000,159392.98857240900,160145.5790007750,160980.03101062400,161906.63242772200,162752.4422604680,163600.17505873200,164533.90872553700,165633.2734241670,166615.64225309000,167536.15291608300,168334.1245830810,169324.36798791200,170219.5926962310,171134.4917238790,171671.3859366200,172292.8745509560,172761.44778719000,173568.72800320000,174500.3277601330,175609.4723266930,176614.08749806800,177477.1721393330,178353.03994073300,179093.98570512500,179854.6303041270,180543.6513369400,181452.03463231000,182490.80354934100,183617.59863223400,184663.85602314400,185654.34753452900,186638.1474580310,187581.2003103330,188299.26402690900,188943.64786918600,189923.14744879300,191539.1123637870,193916.97483873800,196452.91746748400,199040.16931764300,201316.97801407100,203581.0239088180,206018.86503621800,208795.8469622980,211898.61218349600,215226.11772079600,218478.46770292700,220802.6945582980,221777.90715360400,221542.78645075700,221446.8752687230,222153.52074703900,223613.34617496300,226321.93888855300,230066.4928882040,234778.08314488300,239387.50856993400,243170.140513538,246067.03174557900,247488.49843405100,247656.2002271400,246961.85214227400,246700.45907604400,247020.2343826960,247711.31878106900,248314.47218085900,249139.64034755100,250477.20311873700,252192.5851771630,254094.73254708000
20,38,Idaho,state,,194720.36422167000,196448.3507562860,198120.36682950300,199609.76318339900,201237.27176449700,202905.09962123600,204274.14321237600,205447.14720270000,206691.28455021000,208102.14590499700,209717.21693565800,211408.81239006900,213097.91528133300,214917.46546926200,216712.05192516600,218645.4106427580,220261.42179773900,221909.63995139400,223423.4276329670,224892.76723554800,226470.29366587700,228239.62350644600,230208.97878841800,232191.03271930500,234275.37315678700,236545.46580956200,239314.52092852200,242163.29116361500,245116.42412416500,247785.0129281340,250761.15019158900,253769.6439671540,256791.19665174400,259439.46537704400,262015.77415203600,264508.6719239220,266886.9786416820,269151.9601467910,271512.02750590100,273893.3955392040,276208.1474792930,278500.278002143,280791.7975684760,283166.57375465300,285359.8894238420,287932.21717123800,290856.63257087600,294148.83211243100,297486.4116267810,301079.79656544500,305108.28157806700,309229.579460762,312557.3030573770,314993.303802457,317475.5546416150,321121.2931870610,326807.3900808460,334146.8628777670,343164.8652792730,353270.4152441470,364199.65139753000,375616.4525584140,387820.62607900200,400584.9952819650,413512.4349222520,424777.54827731300,433308.02343710500,438774.0096367870,442074.6404179370,444811.3589852740,447867.1600198550,451589.5630696920,456468.3417072870,462932.2369608860,470875.23217123800,479343.6001266680,486204.9146221490,490578.0079152570,490319.95714606700,486066.73490947700,479094.5516274490,472436.0681712770,466188.44300320100,459434.1427451920,452798.91978695100,448406.4167211450,446967.4021608450,447648.63500699000,449201.36234965800
61,39,West Virginia,state,,104389.57781477300,104706.37202660500,104869.71245641400,104798.08882585100,104673.49642149300,104643.41325174000,104490.09568619500,104346.73425390900,104454.92876121800,104616.28884813400,104766.79452555600,104804.36096382000,104860.92698738100,105122.37860806100,105474.71635041600,106072.46301390900,106533.80966157600,106683.9965763250,106491.69384835900,106268.30870407700,106418.57985719000,106774.48906056600,107216.02540524500,107396.92437826900,107672.451852112,108042.74556270000,108968.42616054800,109990.44555308200,110889.1333290130,111192.21096579200,111126.9552951280,110945.1405749810,111120.98104577900,111256.96847814200,111608.9036238950,111864.52752400200,112120.92937448700,112428.17750021200,112755.37960142100,113068.71300313300,113185.3336064890,113300.77146038800,113481.98655784300,113514.84196545000,113375.25574098800,113469.45600144700,113756.17204333300,114177.82798162500,114422.83854637100,115071.46637852400,116059.14200710500,117241.98069939200,118080.29614907500,118458.91558797100,118756.77993552800,119458.959655996,120824.84692794200,122638.4891689810,124787.47948233200,126876.2901680690,129011.80657767700,131110.9713826760,133309.947016321,135166.73072495300,136768.1816598940,138384.6728627920,139061.53307873100,138768.26404988500,137414.41842316900,136884.96069089600,137231.77123450400,138067.18918255600,140114.11836871300,142620.87166411300,145559.42444824100,147818.46200061300,149527.6898154320,151110.07145476600,151900.349457009,152144.15539004900,151776.3268531820,151629.0746271300,151443.19256120900,151364.04626232100,151310.94996142300,151727.1336073440,152464.0103193350,153488.19334356100,154717.484405936
18,40,Hawaii,state,,591749.825011705,595150.4847444250,599120.6740927980,601734.5425279700,603336.6989749480,604694.6361008180,607386.402381152,610710.3190001910,614266.5703590610,617785.267558918,621650.3881063520,626352.1456393880,631331.8067407260,635489.4038467640,639782.7891712130,643813.8167326390,647818.617390975,651463.5817354260,654799.0373718750,658568.0160806130,662510.9436890720,666919.7500428230,670570.5080849930,673538.4826839130,676168.8153777350,679006.4638683050,682557.3978948370,685947.4640097460,689765.8637278870,692286.3812952140,694590.5968197630,696758.3923652820,698801.9740669110,700382.7151319390,700726.9283933080,701070.6591458070,700724.8874378830,700687.4771882520,701412.0036449080,702853.3219483900,703603.7238474040,703644.2866661310,703425.7355510040,703147.8556156870,702837.9587131780,702999.364407815,704714.0450279580,707035.473142445,709902.6166687920,712713.5936812810,715689.0788128590,718538.3423820880,719609.1886317880,718941.6511180320,718601.3956868480,721212.6866708160,727695.5094565210,735842.9819532550,745553.3847674030,755373.1141680180,764957.6023250770,774658.1924970670,785040.9818329040,797307.4886584670,810949.5006454500,825756.6107221850,837583.0599781590,844516.4827511190,848693.6313113290,854759.4989812850,864477.4167544250,875416.262885586,894699.2186909400,920647.3940898750,952429.8499648240,977399.1257540620,995373.0485752530,1005166.3496883500,1007567.9569496200,1003253.1949584500,995213.9625668230,988391.3184531460,984090.0620776450,979299.9261358780,972227.223218766,964705.3622706300,960638.7083241980,961367.4688062850,964786.0899260540
39,41,New Hampshire,state,,248616.6435355160,249316.94501216900,249807.32869221600,250571.9497812280,252006.46940242600,253733.4276837480,255019.42753069100,255789.92918704100,256468.639119904,257445.8975290330,258883.3272936490,260753.17865949800,262651.5106291630,264465.71406235900,266131.4049368740,268105.4794108050,270095.2040755030,272003.9562653890,273648.0472828530,275087.7320267780,276292.89148712500,277614.0815771170,279089.6522526370,280799.839575989,282436.0357166930,283875.00242161500,285703.12982087600,287606.9877533840,289837.7750003600,291717.11041630000,293643.56098072400,295179.4262294780,296304.4950913580,296898.7618563520,297346.98497471000,297886.2528435610,298307.41603287400,299022.8096421000,300169.67616675200,301665.94093954500,303216.1989460720,304835.6851314410,306703.5103049620,308408.170177772,309691.918759379,310938.2195159190,312530.81240124000,314290.23350186900,316288.2579637290,318325.1519244680,320783.2607409710,323149.48470443000,325098.2772803540,326632.1123988180,328377.1262369090,331533.96490775800,336575.2277880330,342833.8262262820,349622.0538179230,356362.2469442520,362821.6991163750,369534.3649209330,376354.9553543350,383959.98595621100,391683.2250394750,399097.3078606410,404358.59778659800,406003.435991286,404723.40473903800,402957.19719768100,403095.90847901600,405060.5883286010,410977.62735253400,420197.12446500800,432344.43059222400,443856.93175550700,453044.26532701100,459393.6967365700,462062.98486102300,461895.5783275480,460198.7891775000,459264.36921386300,459470.5978861760,459622.1772850430,459098.9523698160,458677.44789635000,459692.54909858100,461902.6780126750,465526.8022671190
28,42,Maine,state,,183379.42143864000,184122.77375434300,184646.79178718200,185417.23649258000,186476.47124907200,187895.6507196330,188992.66552117800,189886.98183804900,190791.5424459630,191890.5346289060,193237.35953901300,194678.61002329500,195892.27022252400,196920.4950162830,197864.6182318790,199164.27860048400,200535.7615504360,202123.82710494000,203596.0573992780,204980.244254075,205958.529624196,206855.39090767300,207761.26928840100,208768.0548779780,209821.55801259900,210741.99221386900,212043.17830602200,213553.63043725500,215199.154823478,216639.4885345020,218243.16712855500,220021.66349787300,221502.44069455000,222344.44367093600,222926.32422303700,223638.15641876200,224303.18892783100,224889.91433809,225615.36536860500,226485.8418369930,227103.6132100030,227703.68171160500,228522.66160529600,229842.94306543500,231014.96772791400,232385.86830527200,233939.6654487610,235499.7126047380,237133.79664266500,238798.22832586400,240975.4682019210,243203.62499462100,245121.90326280200,246768.26747321600,248769.5797076820,251976.5148843150,256610.66409556900,262011.10641524300,267785.89859384900,273453.61187777100,278730.283823642,283831.8651189350,288657.88664703800,293887.19649311400,299852.260566321,306745.4826532070,313214.95344755200,317182.52225741100,318615.57560584600,318865.2999511230,320204.9328002210,322380.2037009050,326683.2097286900,332726.1008288650,340535.5608993300,348786.49275953900,356266.8597556020,362208.3165669150,364941.1172022490,364545.87511619600,362374.19461947600,360472.92537663100,359469.29179262900,358933.8040864840,359636.7627715850,360700.03766726600,362828.5299618350,365237.90539471000,369279.9885556240
50,43,Rhode Island,state,,250757.98561043600,252064.2507092890,252964.13624914700,253859.82264245800,255136.70968213200,256738.2970223360,258219.71709956200,259403.78931271600,260748.17737163800,262067.12792386300,263803.8699507200,265602.69378430000,267528.69966134000,269314.03831340000,271138.19716469600,273270.0488847020,275404.11132655300,277330.6660035630,278842.4834086070,280011.7283106560,281274.6792936690,282635.2214164990,284501.60769835300,286447.9753056300,288287.86245342500,289692.8271369260,291257.3469644450,292895.31060618100,294587.9636756440,295878.7244551870,297393.38426536700,298923.0098190420,300304.4367508050,300961.4305243980,301203.58725700100,301364.592042723,301614.5686937250,302313.12639362500,303288.0510425650,304652.6749709770,305686.21854293300,306645.65949079300,307343.45184695000,308026.5142648000,308776.72895780900,309824.98460751700,311581.5676068250,313486.09395092,316085.5947369220,318758.9008005970,321744.0638528870,324346.29795392400,325641.510005721,325941.1846412180,326205.9457021990,327998.9278065690,331730.4116162280,336896.60877611300,343036.2220328040,349460.6522831310,355466.3207764670,361493.0777924320,367545.2358502920,373786.8837115880,379799.28939128600,385176.77256088500,388804.77824656900,390267.4356132070,390020.3647545930,389629.39578486600,390224.2734483090,391749.6500440900,395836.34129380600,402272.41972234100,410879.57104512800,419228.2844397940,426541.4268822620,432390.7680361920,435518.5907007620,435513.3438190240,433556.3721064190,432266.1990607080,432055.409105772,432042.3759048220,432369.9258697720,432779.2027193390,434272.3158990030,435882.36194124300,438699.65610491000
35,44,Montana,state,,221930.69942782500,223264.86143962700,224078.15235648400,224637.19293959900,225083.97224308800,225642.47684102700,226145.3558189460,226470.0872066240,226706.72517150700,226986.29142055800,227763.0868093230,229003.1033327790,230208.6896434690,231391.1408328740,232435.57122076100,233916.64955196500,235322.75314553100,236814.09976347700,238136.14098538100,239648.48115500100,240850.64012583200,241984.8410087180,242897.8059015770,244005.6093390670,245146.35019474200,246323.93183315500,247840.9288928130,249405.5300660370,251063.4321991240,252481.72480559000,254095.14949469200,255601.8421470330,256932.75395334000,257846.79086708000,258683.72738744900,259357.9911418340,260414.00818641800,261834.156744194,263911.39652141300,265969.10640449400,267702.1776275250,269178.43277002000,270595.426767177,272326.23975970600,273680.1037275040,274837.4258968500,276010.23995687500,277453.1844109890,279422.6032103220,281684.08735135900,284581.32338013400,287260.54182978,289009.7325597680,289818.57159061300,290927.9499963270,293411.42892037500,297649.15465328300,302648.9202222520,308724.4841979990,315386.78843770900,322281.4876682950,329345.8632709110,336997.93970581600,345599.06355037000,354809.7767528490,363630.2233891580,371149.96080694700,377453.29477175700,382259.5938058680,386892.70677385900,391727.3107142380,397318.76120994100,405031.2825500270,413789.48142919200,424342.9861086720,435326.7658156340,445463.0832676610,453483.21498936500,456499.13670196100,455561.3067852290,451490.5950510000,447914.5562112,444952.02726171000,441976.0325900340,440451.05681356600,441492.69878870900,445357.57909966600,449970.6502546450,454418.2144574160
13,45,Delaware,state,,235106.11995665800,236347.20734092300,237307.35332875100,238322.8488020700,239373.1002857320,240767.1335201040,241775.32928901600,242755.4994337570,243423.7301615790,244351.4449012460,245120.42848269800,246148.42390918600,247318.24343959000,248897.161476869,250429.1271565730,251554.22162067500,251998.30066264300,252222.61866444000,252192.9122438300,252515.30104057400,253115.54322125600,253866.50539908500,254179.51671768400,254380.09540054600,254801.6006144760,255727.88042989500,257061.3390660380,258412.662148059,259591.4290047660,260280.08647540300,260614.33246866600,260726.698509002,261073.7396971960,261369.25645799100,261774.14701430500,262187.60324178700,263238.74146320800,264835.6348342400,266568.64143603300,268093.066566807,268809.3746700770,268978.2348512910,268829.40005546100,268903.45903072200,268719.46584850600,268435.6017318390,268446.4656379950,269057.6208604910,270178.3308843170,271733.9327182160,273605.05551289800,275154.7768303120,275704.91631519400,275877.5298186330,276695.5130726610,278653.9850112460,281740.51940067000,285539.3250343030,290214.72646671300,295483.71594150300,300818.22358151500,306223.4690900460,310786.38518747000,315079.64855087100,319221.8689965370,323834.01605581400,327450.8033742020,329448.9176542980,329701.6720623580,330188.8896822390,331643.0607285760,334226.90585488600,338451.8146367100,343673.9948233460,349889.0935106500,355882.44677421900,361008.73933258800,364903.44848387900,366421.0625112910,366591.00998397800,365553.50902298100,365104.3554607410,364816.9041610000,364756.4033244490,364607.44306791900,364885.67015224600,366823.2143229680,369382.7167976070,373034.45512214800
52,46,South Dakota,state,,164821.99451620800,165892.93228417500,166480.60129015200,166889.36701072900,167310.94121586500,167895.26796816600,168461.75611982800,168986.76990969200,169645.71052072600,170365.1030229130,171161.1750966050,171952.17174909000,172720.50294836700,173510.36747893500,174324.10318688200,175355.98830916800,176354.9237225470,177213.53794372200,177864.7530608470,178394.2915298830,179067.9561910770,179885.74479497900,180920.5656555690,181824.879322161,182605.05280912700,183280.7733389440,184253.53955037300,185216.42115778500,186227.80043446300,186835.9873026690,187691.9030213430,188432.27453454000,189257.27253541100,189723.96087173600,190390.12749415500,191210.00196269800,192192.34927527200,193258.75685175600,194439.04268233100,195599.05503067500,196548.65931224700,197367.55305276900,198075.61311318400,198771.7042066970,199420.2133811490,200440.29935420200,201661.95994026900,203018.50230840000,204050.51254133300,204928.56264318300,205970.6165699460,207189.38983574100,208284.37226580600,209113.21046060900,210235.42556520700,211848.32628290600,214337.1117057660,216913.03952436600,219738.82756463500,222167.74286787400,224439.83458000300,226943.92383246200,229697.16503282100,232953.28036429100,236665.96116325000,240688.7178063260,244596.3027212370,247503.81918049200,249306.2740780960,250813.2833669350,252961.48494860200,255982.1978250250,260182.21301216800,264898.15230004600,270277.8153830980,275599.33845759000,280468.01011383500,284455.7158503150,286712.55616417500,287311.81110524700,286681.23178475700,286426.484825007,286497.31317545300,286503.2680070690,286560.76702689400,287256.3500445880,289162.54929878900,291268.0178308560,293259.8694769710
37,47,North Dakota,state,,203185.69675601800,203726.60592057800,203485.27781046300,203415.317480437,203593.164935586,204080.8773604450,204280.29975384100,203919.58645438500,203440.91946569900,203131.84007575200,203274.33905756000,203639.36514392700,204008.21656364100,204540.43409070300,204930.39233147600,205392.76249454300,205612.4166545750,205802.69779190800,205906.3537142340,205702.61565428700,205309.96441764000,204750.70759880600,204221.76542760700,203627.73167769500,203239.86536573800,203134.87494494600,203531.787042367,203753.80987197500,203806.28023714600,203339.0930446720,203101.67851469100,202845.77731330000,202888.6559333200,202715.56575616900,202588.90098838600,202352.38207554200,202430.50143867100,202992.9302426770,203825.22900438900,204602.49930111700,205317.05731477900,206377.66831421700,207519.54069344700,208414.94746082200,208848.22020543500,209377.04386483500,210085.8501621340,210913.41954739100,211199.7365763090,211445.36945922600,211800.24655613400,212654.355227286,213255.5568411410,213684.25345779200,214200.9169627890,215181.66508179800,216948.96399639500,218161.1968672640,219123.98815362,219418.2777353570,219946.87723667700,220622.00019023400,221279.78870233900,222354.8180787960,224068.22343928000,226415.31879682400,228666.14260389400,230321.02351488100,231161.15223938300,231917.79883086000,232869.80662979000,234390.54323853500,236641.07317875300,238651.16970948100,240658.7768994940,242775.64852114800,245036.27183602400,247404.1102315330,248625.9939538320,249247.77943518600,248972.04551943300,249123.47515537700,249496.15898651500,249430.68692167800,249605.97062920900,249885.08721061800,251167.12525560100,252185.0320762880,253451.5816498500
3,48,Alaska,state,,275296.4019838430,275500.99416725500,275283.6687762030,275487.94232719000,275968.7243955650,276618.89708338500,276870.8821809630,276771.0348730230,277092.85326030400,277582.6891203250,278362.69980216200,278958.127104911,279279.6888828190,279167.4103751260,278754.0523441150,278741.736880372,278860.96663414200,279127.1688839540,279328.5710701480,279780.5236120510,280652.2410268820,281688.48066494100,282760.21916011700,283302.6526136750,283723.9616191870,283990.0402499380,284532.2630087200,285034.77407413400,285349.76618427300,285214.0472812600,285323.4070856460,285548.4050297680,286306.7248368590,286642.3412932400,286875.551613904,286702.3890042460,288790.0958619140,,,302132.9243316280,304541.3040291660,306231.06631743500,307527.5498155140,308762.7370214610,310018.52660169000,311334.02401766600,312974.1306213300,314568.0113575840,315787.7690373950,316511.81499361500,316853.3584800130,316870.2597722620,316060.6082428600,314938.1076389710,314420.80328982300,315456.00639914600,317576.8224086820,319817.9401351530,322004.87005321100,323855.48325852600,325166.0684770830,325972.86507796600,326497.01810395100,327641.4780240850,329764.25502009800,332475.02694221800,336284.7708197160,339639.6753767820,342665.3043756430,344727.40183977100,346221.5497062090,348049.6799249290,349505.6757817220,350647.1265073840,351986.3379632220,354080.1665685850,357181.5444352910,360067.08520240300,362011.40087833100,362889.5567040300,362314.4201352590,361435.9966665970,360463.1438163110,359343.4339398680,358293.16909294000,358114.77212271800,359746.8663813780,361803.18111371300,363593.2003803500
12,49,District of Columbia,state,,541064.943042563,544509.3269092510,546560.7004340490,547808.3019182780,548676.4850751760,549897.7764918980,550932.3029244930,551821.1325307920,552756.3773442150,554952.5393486530,558652.2110621800,563223.4234906540,566667.4050183210,568831.5366326150,570588.0246734680,573097.6383034700,575389.2981285170,578175.0843098070,580790.108393717,582681.3302847890,583814.6945866020,584450.0847436110,586069.6010687390,589081.7876325510,594837.890855272,601611.4182457690,608365.1896658710,612716.8010217110,616633.8530455260,619457.2935276610,622462.8447347980,625086.2044423140,628008.6622729900,630849.2669906070,634080.7494232230,636187.5030740620,638104.8192936840,639177.814989297,642187.4670926070,645362.460389892,647084.7523835190,646663.0964074540,645950.850286112,645981.0164029450,646664.1474987420,647935.3058122680,649790.247144719,651800.9948962690,654724.5186234270,659625.2877514970,666734.9896955380,674145.8180472620,678447.6728275540,679662.2598842390,681079.8483704950,685286.8367722210,691883.5151122230,697991.082872355,704126.3543591780,709223.8182379910,713122.2363176180,716837.8697209490,722220.0697449490,729144.8586998060,737110.1462032890,744650.1770658560,748750.4936778780,748501.6640984100,745390.8934190090,743517.7523087110,742827.4578704790,742437.7269662770,744260.3773750680,750483.8379099730,761358.9913544830,771405.4895819980,776927.849376739,776874.7035916670,772049.9215741560,764487.0109540480,755050.2424737320,748308.9003309850,743640.9192097190,740240.0964904030,736459.8685281290,734061.3979294570,734180.4351335610,736038.5218898350,737878.5248144580
58,50,Vermont,state,,198583.27588101600,198603.3019306580,198109.55625609200,197826.98998426300,198158.46019282800,199140.44157044100,199964.0293933510,200530.59713358600,200951.55379090400,201479.0607522150,202323.11836669900,203520.1260562240,204895.30278499800,205954.1351206230,206942.0761575240,208064.38107804300,209237.03042401900,210246.84051941400,211077.45221596700,211893.87037064100,212711.78492289600,213605.57819092200,214634.26885951900,215589.8923441650,216470.3693006870,217292.5997761890,218415.73385213600,219373.52551029900,220073.67934766600,220280.53652679600,221031.60807363300,222148.71769225600,223449.4117505390,224060.85959758400,224391.02530469200,224660.96513610100,225019.76023202500,225419.60927542200,226021.7503404550,226711.51372369200,227254.27366847400,227643.24104458100,228253.09572299500,229028.31132946600,229823.39746892800,230806.4673063960,232198.06619276300,233892.49775055400,235385.3408339160,236525.17352681200,237406.84265892300,238269.718051192,239004.4721728380,239594.72220643200,240550.81820188400,242653.56672002200,246390.76150848200,250278.79513576900,253886.90068088300,257368.6562924930,261089.17924830100,265234.7487436210,268747.4576844290,272200.0019998340,276596.4554190200,282303.3095547670,288828.91286097800,292867.96294421900,294548.6700924700,294515.08237955400,295594.7780381120,297478.3507809900,301670.88356920000,306964.3668833420,313306.80736288100,319507.64900483100,324945.0625275550,329612.1064995660,332018.83832074600,332276.5621903210,331197.03278494600,330364.699504633,330191.25864067900,329567.4595519980,332624.4976273200,336850.26563829400,342719.17364901800,345256.7541268130,347442.0369328970
62,51,Wyoming,state,,221808.29439037100,222322.13029150000,222730.46829010700,222864.32606114000,222912.44379309100,223050.32080998200,222986.2721002740,222654.38635203600,222135.07503733800,221939.76343663500,222068.77559382900,222538.76414884200,222980.7050780240,223210.17181659800,223305.0258817710,223631.45384098600,223954.1918662520,224293.44807845100,224429.44584143600,224563.17212752400,224737.7164791890,225068.68769570200,225505.05782136600,226040.26588854600,226491.52059479500,226752.80951058500,227161.57950566600,227359.27776627000,227659.12695913200,227606.8710054320,228187.10572781700,228995.57223845500,230220.3213422830,231043.3090376700,231737.25220046500,232182.2648382230,232721.3725467270,233517.3475777680,234723.61158775600,236158.6127868380,237432.14886825000,238887.87780154700,240326.9319583450,242050.988278482,243300.3472373360,244649.61131948800,246051.71630381900,247833.65096106600,249076.39082486100,250038.6773777550,250939.61210920100,252251.05646727800,253449.03360688500,254406.93342764300,255436.75526269800,257000.51161279500,259237.79673522900,261661.71148424600,264458.29687898200,267068.21734696900,269578.38628148800,272032.4398088200,274836.1628105440,277889.60038281000,280766.1283540390,283234.8282974310,285460.1561330750,287504.8993324790,289336.961243906,291501.6717892330,294144.2948705570,297056.3934405780,300458.71580555700,303670.4359695070,307428.5772945880,310923.3146482850,314350.8257902870,317761.5114495420,320266.54631401000,321572.25564420600,321627.4740240450,322148.34668605300,323038.6071595110,323463.4053342070,323470.5838220660,324490.2182025280,326980.6059965500,330062.4196479880,332501.3701312290